date,id,name,y_items,y_actual_cost,x_items,x_actual_cost
01/01/2016,Y56,LONDON COMMISSIONING REGION,459328,1969775.36,0,0
01/01/2016,Y58,SOUTH WEST COMMISSIONING REGION,553365,2204961.82,0,0
01/01/2016,Y61,EAST OF ENGLAND COMMISSIONING REGION,617880,2373663.22,0,0
01/01/2016,Y59,SOUTH EAST COMMISSIONING REGION,722537,3527907.48,0,0
01/01/2016,Y62,NORTH WEST COMMISSIONING REGION,786178,3539775.7,0,0
01/01/2016,Y60,MIDLANDS COMMISSIONING REGION,944098,3745033.58,0,0
01/01/2016,Y63,NORTH EAST AND YORKSHIRE COMMISSIONING REGION,994992,3673556.62,0,0
01/02/2016,Y56,LONDON COMMISSIONING REGION,450409,1938647.6,0,0
01/02/2016,Y58,SOUTH WEST COMMISSIONING REGION,547234,2196081.51,0,0
01/02/2016,Y61,EAST OF ENGLAND COMMISSIONING REGION,612505,2342468.49,0,0
01/02/2016,Y59,SOUTH EAST COMMISSIONING REGION,719061,3551965.7,0,0
01/02/2016,Y62,NORTH WEST COMMISSIONING REGION,785300,3540245.53,0,0
01/02/2016,Y60,MIDLANDS COMMISSIONING REGION,944676,3803454.65,0,0
01/02/2016,Y63,NORTH EAST AND YORKSHIRE COMMISSIONING REGION,991975,3787762.71,0,0
01/03/2016,Y56,LONDON COMMISSIONING REGION,472615,2025078.12,0,0
01/03/2016,Y58,SOUTH WEST COMMISSIONING REGION,573821,2251684.54,0,0
01/03/2016,Y61,EAST OF ENGLAND COMMISSIONING REGION,646732,2435669.2,0,0
01/03/2016,Y59,SOUTH EAST COMMISSIONING REGION,748284,3579443.71,0,0
01/03/2016,Y62,NORTH WEST COMMISSIONING REGION,829544,3628607.7,0,0
01/03/2016,Y60,MIDLANDS COMMISSIONING REGION,990155,3895361.15,0,0
01/03/2016,Y63,NORTH EAST AND YORKSHIRE COMMISSIONING REGION,1049463,3756998.96,0,0
01/04/2016,Y56,LONDON COMMISSIONING REGION,481745,1969154.59,0,0
01/04/2016,Y58,SOUTH WEST COMMISSIONING REGION,589559,2180715.95,0,0
01/04/2016,Y61,EAST OF ENGLAND COMMISSIONING REGION,655410,2336720.21,0,0
01/04/2016,Y59,SOUTH EAST COMMISSIONING REGION,768271,3518256.91,0,0
01/04/2016,Y62,NORTH WEST COMMISSIONING REGION,838338,3467840.13,0,0
01/04/2016,Y60,MIDLANDS COMMISSIONING REGION,1010399,3709342.78,0,0
01/04/2016,Y63,NORTH EAST AND YORKSHIRE COMMISSIONING REGION,1065313,3632244.23,0,0
01/05/2016,Y56,LONDON COMMISSIONING REGION,466475,1940607.82,0,0
01/05/2016,Y58,SOUTH WEST COMMISSIONING REGION,563278,2114375.23,0,0
01/05/2016,Y61,EAST OF ENGLAND COMMISSIONING REGION,633605,2296390.4,0,0
01/05/2016,Y59,SOUTH EAST COMMISSIONING REGION,738763,3362886.73,0,0
01/05/2016,Y62,NORTH WEST COMMISSIONING REGION,809567,3353098.66,0,0
01/05/2016,Y60,MIDLANDS COMMISSIONING REGION,969471,3551752.59,0,0
01/05/2016,Y63,NORTH EAST AND YORKSHIRE COMMISSIONING REGION,1021465,3454665.18,0,0
01/06/2016,Y56,LONDON COMMISSIONING REGION,482457,1909284.46,0,0
01/06/2016,Y58,SOUTH WEST COMMISSIONING REGION,589104,2084419.36,0,0
01/06/2016,Y61,EAST OF ENGLAND COMMISSIONING REGION,658545,2251852,0,0
01/06/2016,Y59,SOUTH EAST COMMISSIONING REGION,765532,3365903.89,0,0
01/06/2016,Y62,NORTH WEST COMMISSIONING REGION,844557,3305876.65,0,0
01/06/2016,Y60,MIDLANDS COMMISSIONING REGION,1014392,3554350.86,0,0
01/06/2016,Y63,NORTH EAST AND YORKSHIRE COMMISSIONING REGION,1067743,3522241.62,0,0
01/07/2016,Y56,LONDON COMMISSIONING REGION,478902,1856995.8,0,0
01/07/2016,Y58,SOUTH WEST COMMISSIONING REGION,575962,1989827.44,0,0
01/07/2016,Y61,EAST OF ENGLAND COMMISSIONING REGION,645711,2164534.56,0,0
01/07/2016,Y59,SOUTH EAST COMMISSIONING REGION,754364,3206826.4,0,0
01/07/2016,Y62,NORTH WEST COMMISSIONING REGION,827512,3134129.82,0,0
01/07/2016,Y60,MIDLANDS COMMISSIONING REGION,988831,3373066.53,0,0
01/07/2016,Y63,NORTH EAST AND YORKSHIRE COMMISSIONING REGION,1042579,3408629.42,0,0
01/08/2016,Y56,LONDON COMMISSIONING REGION,476061,1961694.06,0,0
01/08/2016,Y58,SOUTH WEST COMMISSIONING REGION,585625,2105431.42,0,0
01/08/2016,Y61,EAST OF ENGLAND COMMISSIONING REGION,649630,2248766.01,0,0
01/08/2016,Y59,SOUTH EAST COMMISSIONING REGION,753708,3311340.36,0,0
01/08/2016,Y62,NORTH WEST COMMISSIONING REGION,839016,3291800.2,0,0
01/08/2016,Y60,MIDLANDS COMMISSIONING REGION,1006484,3550468.36,0,0
01/08/2016,Y63,NORTH EAST AND YORKSHIRE COMMISSIONING REGION,1061647,3539169.6,0,0
01/09/2016,Y56,LONDON COMMISSIONING REGION,484435,1974331.31,0,0
01/09/2016,Y58,SOUTH WEST COMMISSIONING REGION,593773,2094827.38,0,0
01/09/2016,Y61,EAST OF ENGLAND COMMISSIONING REGION,661809,2308176.82,0,0
01/09/2016,Y59,SOUTH EAST COMMISSIONING REGION,769610,3349439.96,0,0
01/09/2016,Y62,NORTH WEST COMMISSIONING REGION,857878,3311413.89,0,0
01/09/2016,Y60,MIDLANDS COMMISSIONING REGION,1025251,3591077.18,0,0
01/09/2016,Y63,NORTH EAST AND YORKSHIRE COMMISSIONING REGION,1081774,3642854.62,0,0
01/10/2016,Y56,LONDON COMMISSIONING REGION,477074,1895223.51,0,0
01/10/2016,Y58,SOUTH WEST COMMISSIONING REGION,581755,2011254.55,0,0
01/10/2016,Y61,EAST OF ENGLAND COMMISSIONING REGION,642068,2172482.55,0,0
01/10/2016,Y59,SOUTH EAST COMMISSIONING REGION,755534,3227412.46,0,0
01/10/2016,Y62,NORTH WEST COMMISSIONING REGION,824070,3133967.52,0,0
01/10/2016,Y60,MIDLANDS COMMISSIONING REGION,997552,3424402.57,0,0
01/10/2016,Y63,NORTH EAST AND YORKSHIRE COMMISSIONING REGION,1046691,3354505.99,0,0
01/11/2016,Y56,LONDON COMMISSIONING REGION,497099,2102612.25,0,0
01/11/2016,Y58,SOUTH WEST COMMISSIONING REGION,605336,2258683.58,0,0
01/11/2016,Y61,EAST OF ENGLAND COMMISSIONING REGION,663853,2366688.11,0,0
01/11/2016,Y59,SOUTH EAST COMMISSIONING REGION,777638,3523045.59,0,0
01/11/2016,Y62,NORTH WEST COMMISSIONING REGION,855331,3427277.33,0,0
01/11/2016,Y60,MIDLANDS COMMISSIONING REGION,1034129,3783566.98,0,0
01/11/2016,Y63,NORTH EAST AND YORKSHIRE COMMISSIONING REGION,1093235,3778304.81,0,0
01/12/2016,Y56,LONDON COMMISSIONING REGION,495167,2125714.53,0,0
01/12/2016,Y58,SOUTH WEST COMMISSIONING REGION,620192,2376110.7,0,0
01/12/2016,Y61,EAST OF ENGLAND COMMISSIONING REGION,685752,2509560.97,0,0
01/12/2016,Y59,SOUTH EAST COMMISSIONING REGION,795921,3620953.85,0,0
01/12/2016,Y62,NORTH WEST COMMISSIONING REGION,869238,3500258.46,0,0
01/12/2016,Y60,MIDLANDS COMMISSIONING REGION,1054345,3889369.01,0,0
01/12/2016,Y63,NORTH EAST AND YORKSHIRE COMMISSIONING REGION,1109016,3918686.63,0,0
01/01/2017,Y56,LONDON COMMISSIONING REGION,486837,1971217.07,0,0
01/01/2017,Y58,SOUTH WEST COMMISSIONING REGION,587191,2064812.46,0,0
01/01/2017,Y61,EAST OF ENGLAND COMMISSIONING REGION,652005,2219694.29,0,0
01/01/2017,Y59,SOUTH EAST COMMISSIONING REGION,765314,3239809.82,0,0
01/01/2017,Y62,NORTH WEST COMMISSIONING REGION,842873,3130997.05,0,0
01/01/2017,Y60,MIDLANDS COMMISSIONING REGION,1011804,3477441.53,0,0
01/01/2017,Y63,NORTH EAST AND YORKSHIRE COMMISSIONING REGION,1065551,3410485.81,0,0
01/02/2017,Y56,LONDON COMMISSIONING REGION,457001,1836830.4,0,0
01/02/2017,Y58,SOUTH WEST COMMISSIONING REGION,555558,1938776.98,0,0
01/02/2017,Y61,EAST OF ENGLAND COMMISSIONING REGION,613503,2087124.66,0,0
01/02/2017,Y59,SOUTH EAST COMMISSIONING REGION,712369,2975488.98,0,0
01/02/2017,Y62,NORTH WEST COMMISSIONING REGION,781740,2878759.34,0,0
01/02/2017,Y60,MIDLANDS COMMISSIONING REGION,946210,3236580.42,0,0
01/02/2017,Y63,NORTH EAST AND YORKSHIRE COMMISSIONING REGION,996664,3188409.45,0,0
01/03/2017,Y56,LONDON COMMISSIONING REGION,525109,2116766.29,0,0
01/03/2017,Y58,SOUTH WEST COMMISSIONING REGION,637032,2214178.42,0,0
01/03/2017,Y61,EAST OF ENGLAND COMMISSIONING REGION,706130,2396885.59,0,0
01/03/2017,Y59,SOUTH EAST COMMISSIONING REGION,821335,3477467.75,0,0
01/03/2017,Y62,NORTH WEST COMMISSIONING REGION,911773,3367962.91,0,0
01/03/2017,Y60,MIDLANDS COMMISSIONING REGION,1092808,3722857.68,0,0
01/03/2017,Y63,NORTH EAST AND YORKSHIRE COMMISSIONING REGION,1157235,3698506.21,0,0
01/04/2017,Y56,LONDON COMMISSIONING REGION,461667,1634007.5,0,0
01/04/2017,Y58,SOUTH WEST COMMISSIONING REGION,567642,1695307.23,0,0
01/04/2017,Y61,EAST OF ENGLAND COMMISSIONING REGION,630696,1905968.87,0,0
01/04/2017,Y59,SOUTH EAST COMMISSIONING REGION,731584,2747844.14,0,0
01/04/2017,Y62,NORTH WEST COMMISSIONING REGION,804685,2609022.01,0,0
01/04/2017,Y60,MIDLANDS COMMISSIONING REGION,971234,2942721.06,0,0
01/04/2017,Y63,NORTH EAST AND YORKSHIRE COMMISSIONING REGION,1025832,2884040.56,0,0
01/05/2017,Y56,LONDON COMMISSIONING REGION,513847,1833620.28,0,0
01/05/2017,Y58,SOUTH WEST COMMISSIONING REGION,621469,1842634.37,0,0
01/05/2017,Y61,EAST OF ENGLAND COMMISSIONING REGION,690536,2065704.47,0,0
01/05/2017,Y59,SOUTH EAST COMMISSIONING REGION,803747,3015128.7,0,0
01/05/2017,Y62,NORTH WEST COMMISSIONING REGION,873398,2807191.08,0,0
01/05/2017,Y60,MIDLANDS COMMISSIONING REGION,1060475,3181591.8,0,0
01/05/2017,Y63,NORTH EAST AND YORKSHIRE COMMISSIONING REGION,1118445,3117462.75,0,0
01/06/2017,Y56,LONDON COMMISSIONING REGION,512375,1765568.21,0,0
01/06/2017,Y58,SOUTH WEST COMMISSIONING REGION,621138,1792387.56,0,0
01/06/2017,Y61,EAST OF ENGLAND COMMISSIONING REGION,690368,2019296.88,0,0
01/06/2017,Y59,SOUTH EAST COMMISSIONING REGION,804009,2939148.56,0,0
01/06/2017,Y62,NORTH WEST COMMISSIONING REGION,888969,2835703.35,0,0
01/06/2017,Y60,MIDLANDS COMMISSIONING REGION,1067450,3153279.89,0,0
01/06/2017,Y63,NORTH EAST AND YORKSHIRE COMMISSIONING REGION,1137915,3114954.54,0,0
01/07/2017,Y56,LONDON COMMISSIONING REGION,505985,1748777.36,0,0
01/07/2017,Y58,SOUTH WEST COMMISSIONING REGION,610385,1768285.06,0,0
01/07/2017,Y61,EAST OF ENGLAND COMMISSIONING REGION,681676,1989989.94,0,0
01/07/2017,Y59,SOUTH EAST COMMISSIONING REGION,787935,2873417.06,0,0
01/07/2017,Y62,NORTH WEST COMMISSIONING REGION,864230,2742210.32,0,0
01/07/2017,Y60,MIDLANDS COMMISSIONING REGION,1038965,3083561.91,0,0
01/07/2017,Y63,NORTH EAST AND YORKSHIRE COMMISSIONING REGION,1099642,2984585.73,0,0
01/08/2017,Y56,LONDON COMMISSIONING REGION,500758,1639884.24,0,0
01/08/2017,Y58,SOUTH WEST COMMISSIONING REGION,611810,1649629.09,0,0
01/08/2017,Y61,EAST OF ENGLAND COMMISSIONING REGION,688016,1888716.67,0,0
01/08/2017,Y59,SOUTH EAST COMMISSIONING REGION,791579,2714539.99,0,0
01/08/2017,Y62,NORTH WEST COMMISSIONING REGION,880628,2599034.28,0,0
01/08/2017,Y60,MIDLANDS COMMISSIONING REGION,1055999,2895471.76,0,0
01/08/2017,Y63,NORTH EAST AND YORKSHIRE COMMISSIONING REGION,1125903,2816030.2,0,0
01/09/2017,Y56,LONDON COMMISSIONING REGION,498182,1833822.47,0,0
01/09/2017,Y58,SOUTH WEST COMMISSIONING REGION,609615,1934620.57,0,0
01/09/2017,Y61,EAST OF ENGLAND COMMISSIONING REGION,677907,2140310.38,0,0
01/09/2017,Y59,SOUTH EAST COMMISSIONING REGION,781367,3063599.82,0,0
01/09/2017,Y62,NORTH WEST COMMISSIONING REGION,863533,2899395.25,0,0
01/09/2017,Y60,MIDLANDS COMMISSIONING REGION,1040655,3327961.51,0,0
01/09/2017,Y63,NORTH EAST AND YORKSHIRE COMMISSIONING REGION,1106726,3169104.87,0,0
01/10/2017,Y56,LONDON COMMISSIONING REGION,516046,1831289.06,0,0
01/10/2017,Y58,SOUTH WEST COMMISSIONING REGION,624025,2004245.81,0,0
01/10/2017,Y61,EAST OF ENGLAND COMMISSIONING REGION,697502,2231434.67,0,0
01/10/2017,Y59,SOUTH EAST COMMISSIONING REGION,805290,3120503.21,0,0
01/10/2017,Y62,NORTH WEST COMMISSIONING REGION,885109,2898715.39,0,0
01/10/2017,Y60,MIDLANDS COMMISSIONING REGION,1067871,3498951.72,0,0
01/10/2017,Y63,NORTH EAST AND YORKSHIRE COMMISSIONING REGION,1133201,3226711.41,0,0
01/11/2017,Y56,LONDON COMMISSIONING REGION,519462,1792444.71,0,0
01/11/2017,Y58,SOUTH WEST COMMISSIONING REGION,636746,2007264.56,0,0
01/11/2017,Y61,EAST OF ENGLAND COMMISSIONING REGION,705062,2162694.96,0,0
01/11/2017,Y59,SOUTH EAST COMMISSIONING REGION,808575,3043986.37,0,0
01/11/2017,Y62,NORTH WEST COMMISSIONING REGION,888852,2833607.47,0,0
01/11/2017,Y60,MIDLANDS COMMISSIONING REGION,1081508,3431818.08,0,0
01/11/2017,Y63,NORTH EAST AND YORKSHIRE COMMISSIONING REGION,1147235,3190935.73,0,0
01/12/2017,Y56,LONDON COMMISSIONING REGION,510701,1733524.3,0,0
01/12/2017,Y58,SOUTH WEST COMMISSIONING REGION,629711,1987593.98,0,0
01/12/2017,Y61,EAST OF ENGLAND COMMISSIONING REGION,704869,2174522.8,0,0
01/12/2017,Y59,SOUTH EAST COMMISSIONING REGION,812270,3079500.77,0,0
01/12/2017,Y62,NORTH WEST COMMISSIONING REGION,882717,2815158.66,0,0
01/12/2017,Y60,MIDLANDS COMMISSIONING REGION,1068132,3393977.51,0,0
01/12/2017,Y63,NORTH EAST AND YORKSHIRE COMMISSIONING REGION,1132199,3127958.63,0,0
01/01/2018,Y56,LONDON COMMISSIONING REGION,531832,1724734.4,0,0
01/01/2018,Y58,SOUTH WEST COMMISSIONING REGION,640097,1908334.49,0,0
01/01/2018,Y61,EAST OF ENGLAND COMMISSIONING REGION,720027,2088336.66,0,0
01/01/2018,Y59,SOUTH EAST COMMISSIONING REGION,822161,2898928.87,0,0
01/01/2018,Y62,NORTH WEST COMMISSIONING REGION,907780,2739258.34,0,0
01/01/2018,Y60,MIDLANDS COMMISSIONING REGION,1103321,3318768.33,0,0
01/01/2018,Y63,NORTH EAST AND YORKSHIRE COMMISSIONING REGION,1170807,3079461.48,0,0
01/02/2018,Y56,LONDON COMMISSIONING REGION,481508,1433560.71,0,0
01/02/2018,Y58,SOUTH WEST COMMISSIONING REGION,582498,1558936.36,0,0
01/02/2018,Y61,EAST OF ENGLAND COMMISSIONING REGION,645713,1686083.35,0,0
01/02/2018,Y59,SOUTH EAST COMMISSIONING REGION,742360,2377690.31,0,0
01/02/2018,Y62,NORTH WEST COMMISSIONING REGION,816376,2178176.54,0,0
01/02/2018,Y60,MIDLANDS COMMISSIONING REGION,992752,2657890.68,0,0
01/02/2018,Y63,NORTH EAST AND YORKSHIRE COMMISSIONING REGION,1046155,2428635.23,0,0
01/03/2018,Y56,LONDON COMMISSIONING REGION,525474,1555968.45,0,0
01/03/2018,Y58,SOUTH WEST COMMISSIONING REGION,636236,1698858.29,0,0
01/03/2018,Y61,EAST OF ENGLAND COMMISSIONING REGION,722200,1892567.91,0,0
01/03/2018,Y59,SOUTH EAST COMMISSIONING REGION,823943,2623600.34,0,0
01/03/2018,Y62,NORTH WEST COMMISSIONING REGION,909897,2405708.12,0,0
01/03/2018,Y60,MIDLANDS COMMISSIONING REGION,1101244,2928652.91,0,0
01/03/2018,Y63,NORTH EAST AND YORKSHIRE COMMISSIONING REGION,1173069,2725271.39,0,0
01/04/2018,Y56,LONDON COMMISSIONING REGION,511234,1633547.84,0,0
01/04/2018,Y58,SOUTH WEST COMMISSIONING REGION,626680,1847053.82,0,0
01/04/2018,Y61,EAST OF ENGLAND COMMISSIONING REGION,695269,1978125.2,0,0
01/04/2018,Y59,SOUTH EAST COMMISSIONING REGION,800362,2812484.6,0,0
01/04/2018,Y62,NORTH WEST COMMISSIONING REGION,875126,2559016.66,0,0
01/04/2018,Y60,MIDLANDS COMMISSIONING REGION,1060776,3118975.12,0,0
01/04/2018,Y63,NORTH EAST AND YORKSHIRE COMMISSIONING REGION,1135971,2882169.59,0,0
01/05/2018,Y56,LONDON COMMISSIONING REGION,531345,1691345.09,0,0
01/05/2018,Y58,SOUTH WEST COMMISSIONING REGION,641691,1859999.9,0,0
01/05/2018,Y61,EAST OF ENGLAND COMMISSIONING REGION,722082,2060329.99,0,0
01/05/2018,Y59,SOUTH EAST COMMISSIONING REGION,826947,2849506.02,0,0
01/05/2018,Y62,NORTH WEST COMMISSIONING REGION,913780,2652046.73,0,0
01/05/2018,Y60,MIDLANDS COMMISSIONING REGION,1109003,3222499.73,0,0
01/05/2018,Y63,NORTH EAST AND YORKSHIRE COMMISSIONING REGION,1176293,2966533.81,0,0
01/06/2018,Y56,LONDON COMMISSIONING REGION,521820,1645941.12,0,0
01/06/2018,Y58,SOUTH WEST COMMISSIONING REGION,630951,1819021.28,0,0
01/06/2018,Y61,EAST OF ENGLAND COMMISSIONING REGION,708307,2003711.42,0,0
01/06/2018,Y59,SOUTH EAST COMMISSIONING REGION,810451,2813125.08,0,0
01/06/2018,Y62,NORTH WEST COMMISSIONING REGION,893168,2564366.44,0,0
01/06/2018,Y60,MIDLANDS COMMISSIONING REGION,1089951,3170086.13,0,0
01/06/2018,Y63,NORTH EAST AND YORKSHIRE COMMISSIONING REGION,1157101,2892530.4,0,0
01/07/2018,Y56,LONDON COMMISSIONING REGION,532543,1427255.63,0,0
01/07/2018,Y58,SOUTH WEST COMMISSIONING REGION,640364,1544672.69,0,0
01/07/2018,Y61,EAST OF ENGLAND COMMISSIONING REGION,713606,1711172.69,0,0
01/07/2018,Y59,SOUTH EAST COMMISSIONING REGION,821892,2410552.31,0,0
01/07/2018,Y62,NORTH WEST COMMISSIONING REGION,908520,2174507.58,0,0
01/07/2018,Y60,MIDLANDS COMMISSIONING REGION,1098441,2661653.66,0,0
01/07/2018,Y63,NORTH EAST AND YORKSHIRE COMMISSIONING REGION,1169115,2424150.1,0,0
01/08/2018,Y56,LONDON COMMISSIONING REGION,533531,1519099.39,0,0
01/08/2018,Y58,SOUTH WEST COMMISSIONING REGION,650565,1727652.14,0,0
01/08/2018,Y61,EAST OF ENGLAND COMMISSIONING REGION,735988,1922553.53,0,0
01/08/2018,Y59,SOUTH EAST COMMISSIONING REGION,831998,2644614.96,0,0
01/08/2018,Y62,NORTH WEST COMMISSIONING REGION,931730,2436656.26,0,0
01/08/2018,Y60,MIDLANDS COMMISSIONING REGION,1129841,2980541.34,0,0
01/08/2018,Y63,NORTH EAST AND YORKSHIRE COMMISSIONING REGION,1208334,2784130.56,0,0
01/09/2018,Y56,LONDON COMMISSIONING REGION,511212,1491900.43,0,0
01/09/2018,Y58,SOUTH WEST COMMISSIONING REGION,618959,1631457.66,0,0
01/09/2018,Y61,EAST OF ENGLAND COMMISSIONING REGION,695958,1800131.57,0,0
01/09/2018,Y59,SOUTH EAST COMMISSIONING REGION,789366,2461248.62,0,0
01/09/2018,Y62,NORTH WEST COMMISSIONING REGION,865586,2253703.96,0,0
01/09/2018,Y60,MIDLANDS COMMISSIONING REGION,1061784,2784613.6,0,0
01/09/2018,Y63,NORTH EAST AND YORKSHIRE COMMISSIONING REGION,1132787,2600573.31,0,0
01/10/2018,Y56,LONDON COMMISSIONING REGION,561424,1480380.39,0,0
01/10/2018,Y58,SOUTH WEST COMMISSIONING REGION,670429,1602847.7,0,0
01/10/2018,Y61,EAST OF ENGLAND COMMISSIONING REGION,751093,1780721.92,0,0
01/10/2018,Y59,SOUTH EAST COMMISSIONING REGION,863360,2473275.24,0,0
01/10/2018,Y62,NORTH WEST COMMISSIONING REGION,960724,2265071.97,0,0
01/10/2018,Y60,MIDLANDS COMMISSIONING REGION,1163579,2742424.17,0,0
01/10/2018,Y63,NORTH EAST AND YORKSHIRE COMMISSIONING REGION,1235810,2565529.77,0,0
01/11/2018,Y56,LONDON COMMISSIONING REGION,543334,1429877.56,0,0
01/11/2018,Y58,SOUTH WEST COMMISSIONING REGION,659151,1555921.45,0,0
01/11/2018,Y61,EAST OF ENGLAND COMMISSIONING REGION,739883,1741753.27,0,0
01/11/2018,Y59,SOUTH EAST COMMISSIONING REGION,840081,2420393.13,0,0
01/11/2018,Y62,NORTH WEST COMMISSIONING REGION,943673,2195512.48,0,0
01/11/2018,Y60,MIDLANDS COMMISSIONING REGION,1134484,2680817.31,0,0
01/11/2018,Y63,NORTH EAST AND YORKSHIRE COMMISSIONING REGION,1208973,2463784.84,0,0
01/12/2018,Y56,LONDON COMMISSIONING REGION,533987,1437952.95,0,0
01/12/2018,Y58,SOUTH WEST COMMISSIONING REGION,657360,1605475.79,0,0
01/12/2018,Y61,EAST OF ENGLAND COMMISSIONING REGION,738131,1798240.4,0,0
01/12/2018,Y59,SOUTH EAST COMMISSIONING REGION,841093,2482050.65,0,0
01/12/2018,Y62,NORTH WEST COMMISSIONING REGION,917145,2225356.71,0,0
01/12/2018,Y60,MIDLANDS COMMISSIONING REGION,1124620,2761556.04,0,0
01/12/2018,Y63,NORTH EAST AND YORKSHIRE COMMISSIONING REGION,1197120,2540644.11,0,0
01/01/2019,Y56,LONDON COMMISSIONING REGION,566226,1474097.75,0,0
01/01/2019,Y58,SOUTH WEST COMMISSIONING REGION,675356,1580881.88,0,0
01/01/2019,Y61,EAST OF ENGLAND COMMISSIONING REGION,758349,1758948.96,0,0
01/01/2019,Y59,SOUTH EAST COMMISSIONING REGION,865383,2433667.39,0,0
01/01/2019,Y62,NORTH WEST COMMISSIONING REGION,959248,2143164.62,0,0
01/01/2019,Y60,MIDLANDS COMMISSIONING REGION,1172195,2695694.92,0,0
01/01/2019,Y63,NORTH EAST AND YORKSHIRE COMMISSIONING REGION,1246788,2490509.93,0,0
01/02/2019,Y56,LONDON COMMISSIONING REGION,511902,1295287.39,0,0
01/02/2019,Y58,SOUTH WEST COMMISSIONING REGION,611423,1396973.82,0,0
01/02/2019,Y61,EAST OF ENGLAND COMMISSIONING REGION,688656,1575162.47,0,0
01/02/2019,Y59,SOUTH EAST COMMISSIONING REGION,781281,2161711.1,0,0
01/02/2019,Y62,NORTH WEST COMMISSIONING REGION,865847,1945157.12,0,0
01/02/2019,Y60,MIDLANDS COMMISSIONING REGION,1059390,2404074.02,0,0
01/02/2019,Y63,NORTH EAST AND YORKSHIRE COMMISSIONING REGION,1128670,2242211.02,0,0
01/03/2019,Y56,LONDON COMMISSIONING REGION,553391,1420194.86,0,0
01/03/2019,Y58,SOUTH WEST COMMISSIONING REGION,662613,1528547.94,0,0
01/03/2019,Y61,EAST OF ENGLAND COMMISSIONING REGION,749380,1702779.01,0,0
01/03/2019,Y59,SOUTH EAST COMMISSIONING REGION,849099,2384764.62,0,0
01/03/2019,Y62,NORTH WEST COMMISSIONING REGION,936479,2080670.81,0,0
01/03/2019,Y60,MIDLANDS COMMISSIONING REGION,1145893,2598531.14,0,0
01/03/2019,Y63,NORTH EAST AND YORKSHIRE COMMISSIONING REGION,1219931,2391100.53,0,0
01/04/2019,Y56,LONDON COMMISSIONING REGION,539022,1435928.87,0,0
01/04/2019,Y58,SOUTH WEST COMMISSIONING REGION,645899,1583011.71,0,0
01/04/2019,Y61,EAST OF ENGLAND COMMISSIONING REGION,735911,1782976.68,0,0
01/04/2019,Y59,SOUTH EAST COMMISSIONING REGION,830202,2459915.46,0,0
01/04/2019,Y62,NORTH WEST COMMISSIONING REGION,927728,2225945.17,0,0
01/04/2019,Y60,MIDLANDS COMMISSIONING REGION,1121862,2749494.94,0,0
01/04/2019,Y63,NORTH EAST AND YORKSHIRE COMMISSIONING REGION,1200702,2543724.2,0,0
01/05/2019,Y56,LONDON COMMISSIONING REGION,582854,1578577.37,0,0
01/05/2019,Y58,SOUTH WEST COMMISSIONING REGION,689713,1661795.42,0,0
01/05/2019,Y61,EAST OF ENGLAND COMMISSIONING REGION,784973,1884126.27,0,0
01/05/2019,Y59,SOUTH EAST COMMISSIONING REGION,884425,2642725.91,0,0
01/05/2019,Y62,NORTH WEST COMMISSIONING REGION,989485,2323703.07,0,0
01/05/2019,Y60,MIDLANDS COMMISSIONING REGION,1204953,2901401.28,0,0
01/05/2019,Y63,NORTH EAST AND YORKSHIRE COMMISSIONING REGION,1276566,2624299.73,0,0
01/06/2019,Y56,LONDON COMMISSIONING REGION,541264,1425859.27,0,0
01/06/2019,Y58,SOUTH WEST COMMISSIONING REGION,645431,1554115.44,0,0
01/06/2019,Y61,EAST OF ENGLAND COMMISSIONING REGION,732866,1726640.21,0,0
01/06/2019,Y59,SOUTH EAST COMMISSIONING REGION,827377,2439174.41,0,0
01/06/2019,Y62,NORTH WEST COMMISSIONING REGION,914721,2116967.54,0,0
01/06/2019,Y60,MIDLANDS COMMISSIONING REGION,1124207,2660984.3,0,0
01/06/2019,Y63,NORTH EAST AND YORKSHIRE COMMISSIONING REGION,1196745,2443370.44,0,0
01/07/2019,Y56,LONDON COMMISSIONING REGION,578089,1517387.71,0,0
01/07/2019,Y58,SOUTH WEST COMMISSIONING REGION,644986,1552332.98,0,0
01/07/2019,Y61,EAST OF ENGLAND COMMISSIONING REGION,757562,1773974.4,0,0
01/07/2019,Y59,SOUTH EAST COMMISSIONING REGION,846580,2499688.49,0,0
01/07/2019,Y62,NORTH WEST COMMISSIONING REGION,955523,2203519.75,0,0
01/07/2019,Y60,MIDLANDS COMMISSIONING REGION,1158833,2735885.65,0,0
01/07/2019,Y63,NORTH EAST AND YORKSHIRE COMMISSIONING REGION,1220366,2494653.89,0,0
01/08/2019,Y56,LONDON COMMISSIONING REGION,561896,1576441.74,0,0
01/08/2019,Y58,SOUTH WEST COMMISSIONING REGION,706842,1846883.84,0,0
01/08/2019,Y61,EAST OF ENGLAND COMMISSIONING REGION,785944,2004975.7,0,0
01/08/2019,Y59,SOUTH EAST COMMISSIONING REGION,898930,2861093.59,0,0
01/08/2019,Y62,NORTH WEST COMMISSIONING REGION,992521,2511131.33,0,0
01/08/2019,Y60,MIDLANDS COMMISSIONING REGION,1215144,3186754.75,0,0
01/08/2019,Y63,NORTH EAST AND YORKSHIRE COMMISSIONING REGION,1306783,2950076.18,0,0
01/09/2019,Y56,LONDON COMMISSIONING REGION,555952,1592637.78,0,0
01/09/2019,Y58,SOUTH WEST COMMISSIONING REGION,660575,1755721.13,0,0
01/09/2019,Y61,EAST OF ENGLAND COMMISSIONING REGION,747541,1895325.18,0,0
01/09/2019,Y59,SOUTH EAST COMMISSIONING REGION,844142,2678470.09,0,0
01/09/2019,Y62,NORTH WEST COMMISSIONING REGION,938536,2374079.82,0,0
01/09/2019,Y60,MIDLANDS COMMISSIONING REGION,1147648,2976355.67,0,0
01/09/2019,Y63,NORTH EAST AND YORKSHIRE COMMISSIONING REGION,1223449,2766032.12,0,0
01/10/2019,Y56,LONDON COMMISSIONING REGION,592397,1732172.66,0,0
01/10/2019,Y58,SOUTH WEST COMMISSIONING REGION,702265,1875598.45,0,0
01/10/2019,Y61,EAST OF ENGLAND COMMISSIONING REGION,793244,2044170.18,0,0
01/10/2019,Y59,SOUTH EAST COMMISSIONING REGION,899934,2943733.87,0,0
01/10/2019,Y62,NORTH WEST COMMISSIONING REGION,1009187,2615878.45,0,0
01/10/2019,Y60,MIDLANDS COMMISSIONING REGION,1228337,3242871.61,0,0
01/10/2019,Y63,NORTH EAST AND YORKSHIRE COMMISSIONING REGION,1312595,2977540.66,0,0
01/11/2019,Y56,LONDON COMMISSIONING REGION,572459,1739873.18,0,0
01/11/2019,Y58,SOUTH WEST COMMISSIONING REGION,676289,1934420.77,0,0
01/11/2019,Y61,EAST OF ENGLAND COMMISSIONING REGION,772976,2093209.05,0,0
01/11/2019,Y59,SOUTH EAST COMMISSIONING REGION,869799,2931213.38,0,0
01/11/2019,Y62,NORTH WEST COMMISSIONING REGION,964579,2641755.54,0,0
01/11/2019,Y60,MIDLANDS COMMISSIONING REGION,1179093,3272118.87,0,0
01/11/2019,Y63,NORTH EAST AND YORKSHIRE COMMISSIONING REGION,1253408,2998860.78,0,0
01/12/2019,Y56,LONDON COMMISSIONING REGION,574251,1833341.58,0,0
01/12/2019,Y58,SOUTH WEST COMMISSIONING REGION,688094,2069144.24,0,0
01/12/2019,Y61,EAST OF ENGLAND COMMISSIONING REGION,785925,2199901.57,0,0
01/12/2019,Y59,SOUTH EAST COMMISSIONING REGION,883799,3122597.41,0,0
01/12/2019,Y62,NORTH WEST COMMISSIONING REGION,981392,2795606.18,0,0
01/12/2019,Y60,MIDLANDS COMMISSIONING REGION,1201682,3537940.45,0,0
01/12/2019,Y63,NORTH EAST AND YORKSHIRE COMMISSIONING REGION,1278261,3267057.1,0,0
01/01/2020,Y56,LONDON COMMISSIONING REGION,602328,1807726.36,0,0
01/01/2020,Y58,SOUTH WEST COMMISSIONING REGION,714607,2020697.88,0,0
01/01/2020,Y61,EAST OF ENGLAND COMMISSIONING REGION,814490,2132448.67,0,0
01/01/2020,Y59,SOUTH EAST COMMISSIONING REGION,913063,3005717.4,0,0
01/01/2020,Y62,NORTH WEST COMMISSIONING REGION,1026732,2727531.8,0,0
01/01/2020,Y60,MIDLANDS COMMISSIONING REGION,1252441,3403806.77,0,0
01/01/2020,Y63,NORTH EAST AND YORKSHIRE COMMISSIONING REGION,1341224,3185453,0,0
01/02/2020,Y56,LONDON COMMISSIONING REGION,552528,1628522.65,0,0
01/02/2020,Y58,SOUTH WEST COMMISSIONING REGION,651529,1848117.68,0,0
01/02/2020,Y61,EAST OF ENGLAND COMMISSIONING REGION,747283,1961080.75,0,0
01/02/2020,Y59,SOUTH EAST COMMISSIONING REGION,837244,2773249.66,0,0
01/02/2020,Y62,NORTH WEST COMMISSIONING REGION,929346,2446452.07,0,0
01/02/2020,Y60,MIDLANDS COMMISSIONING REGION,1137795,3071083.04,0,0
01/02/2020,Y63,NORTH EAST AND YORKSHIRE COMMISSIONING REGION,1207006,2839768.38,0,0
01/03/2020,Y56,LONDON COMMISSIONING REGION,604791,2855743.87,0,0
01/03/2020,Y58,SOUTH WEST COMMISSIONING REGION,729514,3183556.51,0,0
01/03/2020,Y61,EAST OF ENGLAND COMMISSIONING REGION,832413,3351714.72,0,0
01/03/2020,Y59,SOUTH EAST COMMISSIONING REGION,945277,4771919.34,0,0
01/03/2020,Y62,NORTH WEST COMMISSIONING REGION,1046998,4411847.54,0,0
01/03/2020,Y60,MIDLANDS COMMISSIONING REGION,1279154,5479506.06,0,0
01/03/2020,Y63,NORTH EAST AND YORKSHIRE COMMISSIONING REGION,1354921,5104049.15,0,0
01/04/2020,Y56,LONDON COMMISSIONING REGION,579134,3203966.21,0,0
01/04/2020,Y58,SOUTH WEST COMMISSIONING REGION,701398,3750143.03,0,0
01/04/2020,Y61,EAST OF ENGLAND COMMISSIONING REGION,794278,3984276.19,0,0
01/04/2020,Y59,SOUTH EAST COMMISSIONING REGION,889741,5528069.13,0,0
01/04/2020,Y62,NORTH WEST COMMISSIONING REGION,988741,5287700.24,0,0
01/04/2020,Y60,MIDLANDS COMMISSIONING REGION,1204291,6514639.11,0,0
01/04/2020,Y63,NORTH EAST AND YORKSHIRE COMMISSIONING REGION,1295554,6053323.93,0,0
01/05/2020,Y56,LONDON COMMISSIONING REGION,563366,3196557.99,0,0
01/05/2020,Y58,SOUTH WEST COMMISSIONING REGION,667726,3590152.42,0,0
01/05/2020,Y61,EAST OF ENGLAND COMMISSIONING REGION,771871,3892247.2,0,0
01/05/2020,Y59,SOUTH EAST COMMISSIONING REGION,852947,5361620.66,0,0
01/05/2020,Y62,NORTH WEST COMMISSIONING REGION,954011,5113919.62,0,0
01/05/2020,Y60,MIDLANDS COMMISSIONING REGION,1165684,6354159.38,0,0
01/05/2020,Y63,NORTH EAST AND YORKSHIRE COMMISSIONING REGION,1241585,5891043.93,0,0
01/06/2020,Y56,LONDON COMMISSIONING REGION,586683,3057885.7,0,0
01/06/2020,Y58,SOUTH WEST COMMISSIONING REGION,688073,3424450.18,0,0
01/06/2020,Y61,EAST OF ENGLAND COMMISSIONING REGION,788697,3697247.83,0,0
01/06/2020,Y59,SOUTH EAST COMMISSIONING REGION,885065,5115661.25,0,0
01/06/2020,Y62,NORTH WEST COMMISSIONING REGION,996539,4919149.62,0,0
01/06/2020,Y60,MIDLANDS COMMISSIONING REGION,1216055,6072432.66,0,0
01/06/2020,Y63,NORTH EAST AND YORKSHIRE COMMISSIONING REGION,1295264,5611167.16,0,0
01/07/2020,Y56,LONDON COMMISSIONING REGION,609311,3054987.13,0,0
01/07/2020,Y58,SOUTH WEST COMMISSIONING REGION,718623,3443558.58,0,0
01/07/2020,Y61,EAST OF ENGLAND COMMISSIONING REGION,826506,3700515.59,0,0
01/07/2020,Y59,SOUTH EAST COMMISSIONING REGION,925338,5150396.25,0,0
01/07/2020,Y62,NORTH WEST COMMISSIONING REGION,1041138,4889072.09,0,0
01/07/2020,Y60,MIDLANDS COMMISSIONING REGION,1271866,6084855.95,0,0
01/07/2020,Y63,NORTH EAST AND YORKSHIRE COMMISSIONING REGION,1352754,5635248.1,0,0
01/08/2020,Y56,LONDON COMMISSIONING REGION,555135,2636623.34,0,0
01/08/2020,Y58,SOUTH WEST COMMISSIONING REGION,652459,2946217.86,0,0
01/08/2020,Y61,EAST OF ENGLAND COMMISSIONING REGION,758786,3213126.82,0,0
01/08/2020,Y59,SOUTH EAST COMMISSIONING REGION,839874,4402479.31,0,0
01/08/2020,Y62,NORTH WEST COMMISSIONING REGION,943290,4172585.24,0,0
01/08/2020,Y60,MIDLANDS COMMISSIONING REGION,1142922,5162539.41,0,0
01/08/2020,Y63,NORTH EAST AND YORKSHIRE COMMISSIONING REGION,1226167,4793728.74,0,0
01/09/2020,Y56,LONDON COMMISSIONING REGION,599889,2582744.31,0,0
01/09/2020,Y58,SOUTH WEST COMMISSIONING REGION,704242,2916330.58,0,0
01/09/2020,Y61,EAST OF ENGLAND COMMISSIONING REGION,811874,3139714.12,0,0
01/09/2020,Y59,SOUTH EAST COMMISSIONING REGION,908439,4382570.73,0,0
01/09/2020,Y62,NORTH WEST COMMISSIONING REGION,1019471,4092574.79,0,0
01/09/2020,Y60,MIDLANDS COMMISSIONING REGION,1247098,5135012.99,0,0
01/09/2020,Y63,NORTH EAST AND YORKSHIRE COMMISSIONING REGION,1327147,4730482.53,0,0
01/10/2020,Y56,LONDON COMMISSIONING REGION,617561,2556294.26,0,0
01/10/2020,Y58,SOUTH WEST COMMISSIONING REGION,723196,2896152.12,0,0
01/10/2020,Y61,EAST OF ENGLAND COMMISSIONING REGION,830147,3106294.76,0,0
01/10/2020,Y59,SOUTH EAST COMMISSIONING REGION,934255,4343551.05,0,0
01/10/2020,Y62,NORTH WEST COMMISSIONING REGION,1041230,4021157.52,0,0
01/10/2020,Y60,MIDLANDS COMMISSIONING REGION,1273095,5043346.7,0,0
01/10/2020,Y63,NORTH EAST AND YORKSHIRE COMMISSIONING REGION,1352824,4639935.38,0,0
01/11/2020,Y56,LONDON COMMISSIONING REGION,594235,2377542.41,0,0
01/11/2020,Y58,SOUTH WEST COMMISSIONING REGION,704303,2725155.43,0,0
01/11/2020,Y61,EAST OF ENGLAND COMMISSIONING REGION,805833,2901096.44,0,0
01/11/2020,Y59,SOUTH EAST COMMISSIONING REGION,906901,4101442.36,0,0
01/11/2020,Y62,NORTH WEST COMMISSIONING REGION,1000685,3699686.88,0,0
01/11/2020,Y60,MIDLANDS COMMISSIONING REGION,1227237,4665265.42,0,0
01/11/2020,Y63,NORTH EAST AND YORKSHIRE COMMISSIONING REGION,1313079,4293839.28,0,0
01/12/2020,Y56,LONDON COMMISSIONING REGION,628955,2524215.73,0,0
01/12/2020,Y58,SOUTH WEST COMMISSIONING REGION,750514,2882845.19,0,0
01/12/2020,Y61,EAST OF ENGLAND COMMISSIONING REGION,863881,3107816.66,0,0
01/12/2020,Y59,SOUTH EAST COMMISSIONING REGION,969224,4303070.7,0,0
01/12/2020,Y62,NORTH WEST COMMISSIONING REGION,1083657,3982156.16,0,0
01/12/2020,Y60,MIDLANDS COMMISSIONING REGION,1327071,5017800.79,0,0
01/12/2020,Y63,NORTH EAST AND YORKSHIRE COMMISSIONING REGION,1408966,4641518.76,0,0
